{"eval_loss": 0.3226548433303833, "eval_model_preparation_time": 0.0013, "eval_accuracy": 0.8966666460037231, "eval_runtime": 1.284, "eval_samples_per_second": 233.647, "eval_steps_per_second": 29.595}