{"eval_loss": 1.0123814344406128, "eval_model_preparation_time": 0.0024, "eval_accuracy": 0.6213991641998291, "eval_runtime": 1.7998, "eval_samples_per_second": 135.016, "eval_steps_per_second": 17.224}