{"eval_loss": 1.561317801475525, "eval_model_preparation_time": 0.0021, "eval_accuracy": 0.6000000238418579, "eval_runtime": 0.5785, "eval_samples_per_second": 51.858, "eval_steps_per_second": 6.914}