{"eval_loss": 1.9874480962753296, "eval_model_preparation_time": 0.0011, "eval_accuracy": 0.6333333253860474, "eval_runtime": 0.4511, "eval_samples_per_second": 66.504, "eval_steps_per_second": 8.867}