{"eval_loss": 0.8970903158187866, "eval_model_preparation_time": 0.0012, "eval_accuracy": 0.800000011920929, "eval_runtime": 0.3787, "eval_samples_per_second": 79.223, "eval_steps_per_second": 10.563}