{"eval_loss": 2.163766622543335, "eval_model_preparation_time": 0.0021, "eval_accuracy": 0.2666666805744171, "eval_runtime": 0.5153, "eval_samples_per_second": 58.216, "eval_steps_per_second": 7.762}