{"eval_loss": 0.1978657990694046, "eval_model_preparation_time": 0.0011, "eval_accuracy": 0.9666666388511658, "eval_runtime": 0.2893, "eval_samples_per_second": 103.686, "eval_steps_per_second": 13.825}