{"eval_loss": 0.3834705650806427, "eval_model_preparation_time": 0.0012, "eval_accuracy": 0.8952448964118958, "eval_runtime": 19.5777, "eval_samples_per_second": 502.715, "eval_steps_per_second": 62.878}