{"eval_loss": 1.9874480962753296, "eval_model_preparation_time": 0.0011, "eval_accuracy": 0.6333333253860474, "eval_runtime": 0.25, "eval_samples_per_second": 119.983, "eval_steps_per_second": 15.998}