{"eval_loss": 0.928948163986206, "eval_model_preparation_time": 0.0023, "eval_accuracy": 0.8999999761581421, "eval_runtime": 0.582, "eval_samples_per_second": 51.548, "eval_steps_per_second": 6.873}