{"eval_loss": 0.9559985399246216, "eval_model_preparation_time": 0.0021, "eval_accuracy": 0.8999999761581421, "eval_runtime": 0.5226, "eval_samples_per_second": 57.407, "eval_steps_per_second": 7.654}