{"eval_loss": 0.44572731852531433, "eval_model_preparation_time": 0.0014, "eval_accuracy": 0.8683127760887146, "eval_runtime": 1.0077, "eval_samples_per_second": 241.139, "eval_steps_per_second": 30.763}