{"eval_loss": 1.0922274589538574, "eval_model_preparation_time": 0.0021, "eval_accuracy": 0.4000000059604645, "eval_runtime": 0.5563, "eval_samples_per_second": 53.923, "eval_steps_per_second": 7.19}