{"eval_loss": 1.1043397188186646, "eval_model_preparation_time": 0.0057, "eval_accuracy": 0.31687241792678833, "eval_runtime": 6.3216, "eval_samples_per_second": 38.44, "eval_steps_per_second": 4.904}