{"eval_loss": 0.8475887775421143, "eval_model_preparation_time": 0.0021, "eval_accuracy": 0.800000011920929, "eval_runtime": 0.4743, "eval_samples_per_second": 63.254, "eval_steps_per_second": 8.434}